div,p
0.986491228,0.0825
2.02122807,0.0975
3.001403509,0.153333333
4.010350877,0.245833333
5.01122807,0.2
6.045438596,0.1125
6.979824561,0.050833333
8.01,0.044166667
